hypothesis_id,target_x,target_y,n,effect,p_raw,bh_fdr,partial_effect,partial_p,partial_bh_fdr
H4a,PT_firstorder_Maximum,glycolysis_gsva,117,-0.0023393345277018737,0.5099853306731084,0.5099853306731084,-0.002701327552122606,0.5115300833206785,0.5115300833206785
H4b_entropy,CT_firstorder_Entropy,heterogeneity_variance,123,-0.3907917735510418,7.86334270589371e-06,3.931671352946855e-05,-0.39748616682359317,5.305387083762202e-06,2.6526935418811007e-05
H4b_contrast,CT_glcm_Contrast,heterogeneity_variance,123,-0.3406231258663556,0.00011570149274233055,0.00019283582123721759,-0.34990519921063834,7.272976852458788e-05,0.00012121628087431315
H4b_homogeneity,CT_glcm_Idm,heterogeneity_variance,123,0.3708442703644196,2.4167171320238636e-05,6.041792830059659e-05,0.37285730868942746,2.164970099424122e-05,5.412425248560305e-05
H4c,PT_firstorder_Maximum,oxphos_gsva,117,-0.05363829236355311,0.2828582840528601,0.3535728550660751,-0.05442648192524627,0.2800059373378574,0.35000742167232174
